id	difference	sfen	side_to_move	counter_strike_sq	move	verdict_lishogi	verdict_jcsa	clauses	source	description	note
C01	no	k10b/12/12/8n3/6N5/12/12/12/6R5/12/12/K11 b - 1	B	-	6e->4d (any route)	illegal	illegal	R-L2	rule2007 七.二 (rule.htm 5.二) (diagram rule/image001.gif)	lion foot: both lions at distance two, each protected (rook / bishop); neither lion may take the other	same under both (L1)
C01w	no	k10b/12/12/8n3/6N5/12/12/12/6R5/12/12/K11 w - 1	W	-	4d->6e (any route)	illegal	illegal	R-L2	rule2007 七.二 (diagram rule/image001.gif)	same, White to move	
C02	no	k10N/12/9n2/12/12/12/5B6/12/9r2/12/12/K11 w - 1	W	-	3c->1a (any route)	illegal	illegal	R-L3	rule2007 七.三 (diagram rule/image002.gif)	ura-ashi: Black bishop 7七 protects the Black lion 1一 through the White lion 3三; White lion may not take it	same under both (L1 X-ray)
C02b	no	k10N/12/9n2/12/12/12/12/12/9r2/12/12/K11 w - 1	W	-	3c->1a (any route)	legal	legal	R-L3	rule2007 七.三 (diagram rule/image002.gif)	same without the bishop: the unprotected Black lion may be taken	
C03	no	k10n/9Ns1/12/7B4/11r/12/12/12/12/12/12/K11 b - 1	B	-	3b2b1a	legal	legal	R-L5	rule2007 七.五 (diagram rule/image004.gif)	tsukegui (kuisoe): Black lion takes the silver 2二 and the protected White lion 1一 in one move	same under both (L2)
C03b	no	k10N/12/12/7B4/11r/12/12/12/12/12/12/K11 w - 1	W	-	1e1a	legal	legal	R-L5	rule2007 七.五 (diagram rule/image004.gif)	after the tsukegui, White's rook 1五 'strikes the lion' at once (lion took lion: no counter-strike ban)	
C04	no	k4r5n/12/12/12/5N5r/5GB5/12/12/12/12/12/K11 b - 1	B	-	6f1a	legal	legal	R-L4	rule2007 七.四 (diagram rule/image003.gif)	sakishishi: both lions attacked by non-lions; Black bishop 6六 takes the White lion 1一 (always allowed)	
C04a	no	k4r5B/12/12/12/5N5r/5G6/12/12/12/12/12/K11 w 1a 1	W	1a	7a7e	illegal	illegal	R-L4	rule2007 七.四 (diagram rule/image003.gif)	next move: White rook 7一 may not take the Black lion 7五 (lishogi: flag on 1一; JCSA: Black's lion has a foot, gold 7六)	
C04c	no	k4r5B/12/12/12/5N5r/5G6/12/12/12/12/12/K11 w 1a 1	W	1a	1e1a	legal	legal	R-L4	rule2007 七.四 (diagram rule/image003.gif)	next move: White rook 1五 recaptures the bishop on 1一 (allowed under both)	
C04b	yes	k4r5B/12/12/12/5N5r/12/12/12/12/12/12/K11 w 1a 1	W	1a	7a7e	illegal	legal	R-L4, H-3.6	rule_hosoku2004 3.⑥ (rule2007 七.四) (diagram rule/image003.gif)	DIFFERENCE: same but the Black lion has no foot (no gold 7六): lishogi still bans the rook's capture; JCSA's sakishishi applies only when the capturing side's lion has a foot, so White may take it	the 'Okazaki rule' as applied by the Federation since 2004
C05	yes	k11/12/12/12/5+d6/4N7/3G8/12/12/12/10R1/K11 w 2k 1	W	2k	7e8f7e	legal	illegal	R-L4	rule2007 七.四 (取り返す), spec.md §4 L3 quirk	DIFFERENCE: during the ban (flag on 11k where a White lion was just taken), White's soaring eagle igui-captures the protected Black lion on its mid square: lishogi tests only the destination (allowed); JCSA bans every recapture of the lion	the flag square holds the Black rook that took the lion
C05b	yes	k11/12/12/12/5+d6/4N7/3G8/12/12/12/10R1/K11 w 2k 1	W	2k	7e8f9g	legal	illegal	R-L4	rule2007 七.四	DIFFERENCE: same, pass-through capture (eagle takes the lion on 4,7 and the gold on 3,6)	
C05c	no	k11/12/12/12/5+d6/4N7/12/12/12/12/10R1/K11 w 2k 1	W	2k	7e8f7e	legal	legal	R-L4, H-3.6	rule_hosoku2004 3.⑥	same igui capture with the Black lion unprotected: lishogi still allows (destination test), JCSA allows (no foot, no sakishishi)	
C06	yes	k11/2L9/12/12/12/12/12/12/12/12/12/K11 b - 1	B	-	10b10a+	legal	illegal	R-P4	rule2007 四.4 (vs lishogi: pawn and lance)	DIFFERENCE: an unpromoted Black lance on rank 11 reaches the last rank with promotion: lishogi allows, JCSA: the lance becomes a dead piece (no promotion)	correspondence-only clause 四.5 would allow it; not in force over the board
C06b	no	k11/2L9/12/12/12/12/12/12/12/12/12/K11 b - 1	B	-	10b10a	legal	legal	R-P4	rule2007 四.4	the same lance move without promotion (dead piece afterwards) is legal under both	
C07	no	k11/3P8/12/12/12/12/12/12/12/12/12/K11 b - 1	B	-	9b9a+	legal	legal	R-P3	rule2007 四.3	pawn's second chance: an unpromoted Black pawn on rank 11 promotes on reaching the last rank under both	
C08	no	k11/4I7/12/12/12/12/12/12/12/12/12/K11 b - 1	B	-	8b8a+	illegal	illegal	R-P2, H-1	rule_hosoku2004 1 (go-between follows the general rule)	go-between: no last-rank promotion under either rule set (it may promote only on entering or by capture)	
C09	no	k9g1/10gn/9N1G/12/12/12/12/12/12/12/12/K11 b - 1	B	-	3c2b1b	legal	legal	H-2.1	rule_hosoku2004 2 ケース1 (diagram Rulegazou.files/image002.gif)	case 1: Black lion takes gold 2二 and lion 1二 (tsukegui)	
C09b	no	k9g1/11N/11G/12/12/12/12/12/12/12/12/K11 w - 1	W	-	2a1b	legal	legal	H-2.1	rule_hosoku2004 2 ケース1 (diagram Rulegazou.files/image002.gif)	case 1: then White gold 2一 may take the Black lion on 1二 although it has a foot (lion took lion: no sakishishi)	
C10	no	k10g/10nn/9N2/12/12/12/12/12/12/12/12/K11 b - 1	B	-	3c2b1b	legal	legal	H-2.2	rule_hosoku2004 2 ケース2 (diagram Rulegazou.files/image004.gif)	case 2: Black lion takes the adjacent White lion 2二 and then the lion 1二, both protected by the gold 1一 (adjacent lions are unconditional)	
C11	no	k6V3n/9n2/8S3/7N3R/12/12/12/12/12/12/12/K11 b - 1	B	-	1d1a	legal	legal	H-2.3	rule_hosoku2004 2 ケース3 (diagram Rulegazou.files/image006.gif)	case 3: Black rook 1四 takes the White lion 1一 (sakishishi: Black's lion 5四 has a foot, the vertical mover 5一)	the diagram draws the 竪 at 5一 in White's colour but the text calls it 先手の竪行; built as Black's
C11b	no	k6V3R/9n2/8S3/7N4/12/12/12/12/12/12/12/K11 w 1a 1	W	1a	3b4c5d	legal	legal	H-2.3, H-3.4	rule_hosoku2004 2 ケース3, 3.④ (diagram Rulegazou.files/image006.gif)	case 3: despite the ban, White's lion may take silver 4三 and the Black lion 5四 by tsukegui (tsukegui beats sakishishi; lishogi: the ban never applies to lions)	
C11c	no	k6V3R/12/12/7n4/12/12/12/12/12/12/12/K11 b - 1	B	-	5a5d	legal	legal	H-2.3	rule_hosoku2004 2 ケース3 (diagram Rulegazou.files/image006.gif)	case 3: then Black's vertical mover 5一 strikes the lion on 5四	
C12	no	k9n1/10i1/9N2/12/12/12/12/12/12/12/12/K11 b - 1	B	-	3c2b2a	illegal	illegal	H-2.4	rule_hosoku2004 2 ケース4 (diagram Rulegazou.files/image008.gif)	case 4: the White lion's only foot is the go-between 2二; Black lion may not take go-between and lion in one move (pawn / go-between are no kuisoe pieces; the foot still counts)	
C13	no	k7d1n1/10p1/9N2/12/12/12/12/12/12/12/12/K11 b - 1	B	-	3c2b2a	illegal	illegal	H-2.4	rule_hosoku2004 2 (counter-example to the two-step reading) (diagram Rulegazou.files/image010.gif)	Black lion may not take pawn 2二 and the lion 2一 (protected by the dragon 4一) although the lion would be adjacent after the first step: one move, not two	
C14	no	7k4/12/12/11K/10n1/12/12/12/12/12/12/12 b - 1	B	-	(status)	playing	playing	R-E4, R-E6	rule2007 九 (rule.htm 持将棋 example) (diagram rule/image005.gif)	after ▽2五獅 took the Black king: Black has only the prince, White king + lion adjacent to it: not a bare-king loss under lishogi (lion adjacent), JCSA: play on (the prince recaptures, then jishogi)	
C14b	yes	7k4/12/12/12/10K1/12/12/12/12/12/12/12 w - 1	W	-	(status)	draw	draw (jishogi)	R-E6	rule2007 二.6 / 九 (diagram rule/image005.gif)	after ▲同太子: king vs king: lishogi 'insufficient material' draw; JCSA jishogi (draw by agreement, neither can mate)	same outcome; JCSA's draw needs the players' agreement
C15	yes	r4k5b/12/6g5/12/12/12/12/12/12/12/12/5K6 b - 1	B	-	(status)	bareking	playing	R-E4	rule2007 二.4–5 vs lishogi bare king	DIFFERENCE: bare Black king against king + three pieces, none adjacent: lishogi ends the game (bare king), JCSA has no such clause (only K + K + one piece is regulated): play continues	numerically negligible: boards with a bare side are ~1e-70 of the candidate set
C16	yes	KL10/PP10/12/12/12/12/12/12/12/10g1/12/11k b - 1	B	-	(status)	stalemate	unregulated	R-E7	rule2007 (no stalemate clause) vs lishogi stalemate	DIFFERENCE: Black to move has no legal move (king a12 boxed in by its own dead lance and blocked pawns): lishogi: stalemate = loss; JCSA: not regulated	negligible share; flagged for Eii
